名字,品牌,型号,出厂时间,里程数,售价
2014 Audi Q7 Tdi Quattro,Audi,Q7,2014,172185,25000.0
2013 Mazda Axela 1.5 S SPORT HATCHBACK VERY LOW KM,Mazda,Axela,2013,89900,12999.0
2014 Great Wall v200 V200 Tdi,Great Wall,v200,2014,148000,8000.0
2005 Toyota Land Cruiser Prado Prado,Toyota,Land Cruiser Prado,2005,169000,23000.0
2012 BMW 120i Sport,BMW,120i,2012,86000,11995.0
"2009 Mazda Axela 20S SPORT VERY LOW KM 50,900 GUN-",Mazda,Axela,2009,50900,11995.0
2008 Audi A4 2.0T S Line Fsi Quattro Auto,Audi,A4,2008,54000,9990.0
2009 Audi A4 Fsi Quattro Av,Audi,A4,2009,90000,15000.0
2014 Holden Captiva 5 Ltz,Holden,Captiva,2014,152525,10500.0
2016 Ford Ranger Wildtrak,Ford,Ranger,2016,121000,45000.0
1963 Ford Other Galaxie XL 500 Fastback,Ford,Other,1963,98000,74000.0
2015 Holden Colorado Ls Dc Pu,Holden,Colorado,2015,108195,28000.0
2005 Volkswagen Touareg 3.2V6,Volkswagen,Touareg,2005,63000,8000.0
2015 Holden Commodore Vf2 Sv6,Holden,Commodore,2015,8097,34995.0
2010 Mitsubishi Outlander Ls,Mitsubishi,Outlander,2010,172000,12000.0
2018 Land Rover Range Rover Evoque Td4 (132Kw) Hse,Land Rover,Range Rover Evoque,2018,50100,50000.0
2008 BMW 320ci M Sport 19' M3 Alloys,BMW,320ci,2008,64190,14880.0
2015 Ford Everest (MW) Titanium 3.2D/4WD/6AT,Ford,Everest,2015,97032,46888.0
2015 Nissan X-Trail Hybrid 4WD 360 Cam / Leathe...,Nissan,X-Trail,2015,67848,29880.0
"2011 Nissan Lafesta Highway Star**A-Stop,Power...",Nissan,Lafesta,2011,94115,7440.0
"2006 Honda Accord 2.0L On Special**Alarm,18 inc...",Honda,Accord,2006,140710,5840.0
2014 LDV V80 Lwbmr,LDV,V80,2014,190000,24000.0
2011 Toyota Corolla Glx,Toyota,Corolla,2011,103744,9800.0
2014 Holden Captiva Ltz V6,Holden,Captiva,2014,60500,19500.0
1975 Ford Falcon,Ford,Falcon,1975,83808,40000.0
2004 Nissan Vanette,Nissan,Vanette,2004,251814,2000.0
2014 Hyundai Santa Fe Dm Elite,Hyundai,Santa Fe,2014,216885,15000.0
2007 Aston Martin Vantage V8,Aston Martin,Vantage,2007,55000,77500.0
2013 Jeep Grand Cherokee Laredo,Jeep,Grand Cherokee,2013,172223,24990.0
2007 Audi RS4,Audi,RS4,2007,150556,40000.0
2018 Hyundai Tucson CRDI 2.0L AUTO 4WD (NZNEW),Hyundai,Tucson,2018,74885,29950.0
2017 Mazda CX-5 GSX 2.0L AUTO *LOWKMS* (NZNEW),Mazda,CX-5,2017,37249,32950.0
2013 Suzuki Swift,Suzuki,Swift,2013,105147,7974.0
1997 Toyota Land Cruiser Prado Rx,Toyota,Land Cruiser Prado,1997,324520,5000.0
1965 Chevrolet El Camino,Chevrolet,El Camino,1965,99500,30000.0
2018 Mazda 3 GLX HATCH *LOW KMS* (NZNEW),Mazda,3,2018,35930,25950.0
2018 Mercedes-Benz G 63 Mercedes-Amg G63,Mercedes-Benz,G 63,2018,34760,195000.0
2007 Audi Q7 q7,Audi,Q7,2007,99000,17000.0
2010 BMW 550i 550I,BMW,550i,2010,148966,17950.0
"2013 Mazda Premacy 20C Skyactiv**i-Stop,Left Si...",Mazda,Premacy,2013,90850,8785.0
2012 Toyota Highlander Ltd Wgn5,Toyota,Highlander,2012,293449,1.0
2007 Toyota Land Cruiser 4.5TD V8 200Series,Toyota,Land Cruiser,2007,256200,64990.0
"2011 Lexus CT 200h $1200 CASH REBATE, FULL LEATHER",Lexus,CT 200h,2011,56800,19990.0
2019 Holden Colorado LTZ 2.8TD 2WD,Holden,Colorado,2019,105000,44880.0
2016 Mazda CX-3 Limited 2.0P 6AT SW,Mazda,CX-3,2016,59941,28990.0
2020 Mazda CX-30 B AWD GTX 2.5 6AT,Mazda,CX-30,2020,27146,39990.0
2005 Nissan Elgrand,Nissan,Elgrand,2005,254781,7990.0
2017 Volkswagen Golf R 228Kw,Volkswagen,Golf,2017,42400,51500.0
2019 Mercedes-Benz X-Class Power V6,Mercedes-Benz,X-Class,2019,60000,75000.0
2020 Suzuki Baleno Glxa,Suzuki,Baleno,2020,37000,19750.0
2022 Citroen C5 Aircross SHINE,Citroen,C5,2022,11,59880.0
2019 Nissan Qashqai ST-L,Nissan,Qashqai,2019,75138,28990.0
2022 Peugeot 2008 GT,Peugeot,2008,2022,32,52580.0
2019 Mercedes-Benz C 200 C 200,Mercedes-Benz,C 200,2019,37000,61500.0
2007 Holden Ute Sv6,Holden,Ute,2007,130751,19500.0
2012 Toyota 86 GT,Toyota,86,2012,84000,26980.0
2005 Hyundai Tucson V6 Gls,Hyundai,Tucson,2005,310280,3250.0
2011 Audi TT Coupe 2.0T,Audi,TT,2011,112300,12500.0
2016 Audi A6 S-Line TDI Quattro DIESEL,Audi,A6,2016,51221,37800.0
2019 Toyota Hiace 4WD 2.8L Diesel Turbo 6 Seate...,Toyota,Hiace,2019,59046,46990.0
2021 Toyota Hiace 6 Seater High Spec Onsite Fin...,Toyota,Hiace,2021,3652,38990.0
2020 Toyota Hiace 2.8L Diesel Turbo 5 Door Onsi...,Toyota,Hiace,2020,25579,46990.0
2020 Toyota Hiace 9 Seater High Spec Onsite Fin...,Toyota,Hiace,2020,25097,37990.0
2020 Toyota Hiace 5DR 6 Seats GL Package High S...,Toyota,Hiace,2020,38881,37990.0
2016 BMW 330e I-PERFORMANCE M-SPORT,BMW,330e,2016,26900,39000.0
2019 Holden Spark LT 1.4 CVT,Holden,Spark,2019,8411,17000.0
2020 Kia Sportage Urban Lx+,Kia,Sportage,2020,12500,35000.0
2010 Volkswagen Golf R 4WD,Volkswagen,Golf,2010,79005,26995.0
2005 Lexus IS 250 Sport,Lexus,IS 250,2005,69800,12950.0
2008 Audi A4 2.0T Fsi Quattro,Audi,A4,2008,145000,5999.0
2006 Honda Fit,Honda,Fit,2006,189000,4250.0
2004 Suzuki Swift,Suzuki,Swift,2004,209232,1.0
2015 Toyota Aqua Urban 1.5P Hybrid,Toyota,Aqua,2015,75085,18888.0
2007 Toyota Corolla Axio,Toyota,Corolla,2007,96673,5000.0
2012 Subaru Legacy Touring Wagon,Subaru,Legacy,2012,135742,11995.0
2022 SsangYong Korando Limited Auto 2Wd,Ssangyong,Korando,2022,0,19490.0
1995 Toyota Hilux Scb C/C,Toyota,Hilux,1995,263000,19000.0
2015 Peugeot 3008 1.6 E-Hdi,Peugeot,3008,2015,92000,15500.0
2007 Holden Commodore Clubsport R8 V8 307KW,Holden,Commodore,2007,202050,33000.0
2009 MINI Cooper Cabrio,MINI,Cooper,2009,80000,12000.0
2006 Mitsubishi Outlander,Mitsubishi,Outlander,2006,245657,5000.0
1997 BMW 318ti,BMW,318ti,1997,121500,2200.0
2017 Ford Ranger Xlt Double Cab W/S A,Ford,Ranger,2017,147700,1.0
2014 Honda Fit Hybrid S Package,Honda,Fit,2014,95600,11990.0
2019 Ford Ranger Raptor,Ford,Ranger,2019,60000,77500.0
2021 Porsche Macan,Porsche,Macan,2021,10350,92350.0
2014 Audi SQ5 Bitdi Q 23Okw,Audi,SQ5,2014,105000,10000.0
2007 BMW 530i M-SPORT / SUNROOF / E60,BMW,530i,2007,103250,10950.0
1996 Toyota Hilux Dcb,Toyota,Hilux,1996,439586,8500.0
2009 Toyota Ractis 1.5L Auto,Toyota,Ractis,2009,89281,7490.0
1999 Ford Courier Xl Chassis Cab,Ford,Courier,1999,194000,7850.0
2016 Toyota Fortuner Gxl,Toyota,Fortuner,2016,69000,46000.0
2016 Toyota Prius 1.8S On Special **NZ GPS & NZ...,Toyota,Prius,2016,91270,18840.0
2007 Toyota Hiace,Toyota,Hiace,2007,58310,25000.0
2005 Mitsubishi Outlander,Mitsubishi,Outlander,2005,163059,1.0
2017 Subaru Legacy 2.5 4WD Eyesight-3,Subaru,Legacy,2017,27195,28990.0
2014 BMW M4,BMW,M4,2014,73144,1.0
2020 Suzuki Swift,Suzuki,Swift,2020,32564,18850.0
2008 Mazda Biante,Mazda,Biante,2008,124000,6300.0
2016 Nissan Navara Dx 2WD,Nissan,Navara,2016,65269,25990.0
"2009 Toyota Mark-X Zio, 7seater, vvti camchain",Toyota,Mark-X,2009,73641,9480.0
2015 Toyota 86 GT86 Coupe NZ Stereo,Toyota,86,2015,74430,26990.0
2013 Honda Insight 1.5 Hybrid Exclusive XL Top...,Honda,Insight,2013,43901,15990.0
2018 Mercedes-Benz CLA 45 AMG,Mercedes-Benz,CLA 45,2018,51012,79995.0
2008 Volkswagen Golf Variant 2.0 TSI SPORTS LINE,Volkswagen,Golf,2008,72791,10950.0
2016 Mazda Atenza 2.2D XD,Mazda,Atenza,2016,141758,15450.0
2006 Mitsubishi Lancer MR GSR Evolution IX 9 4W...,Mitsubishi,Lancer,2006,80000,95000.0
2012 BMW 330e 3 series,BMW,330e,2012,47500,19000.0
2014 Holden Captiva Lx,Holden,Captiva,2014,98400,15000.0
2011 Jaguar XF Prem.Lux.3.0 V6,Jaguar,XF,2011,168000,18000.0
2009 Honda Stream,Honda,Stream,2009,130000,6499.0
2004 Volkswagen Golf,Volkswagen,Golf,2004,129873,4290.0
2009 Volkswagen Golf TSI COMFORT LINE,Volkswagen,Golf,2009,125531,6990.0
2006 Peugeot 407 Hdi Sw,Peugeot,407,2006,300661,7300.0
1993 Nissan Skyline ONE OWNER GT-R R32 4WD Onsi...,Nissan,Skyline,1993,72000,135000.0
2016 Toyota Highlander GXL,Toyota,Highlander,2016,127635,36500.0
2020 Suzuki Swift GLC,Suzuki,Swift,2020,30300,18995.0
2020 Land Rover Range Rover Sport SVR V8 423kW,Land Rover,Range Rover Sport,2020,9500,215990.0
2009 Volkswagen Golf T Gti,Volkswagen,Golf,2009,123775,9995.0
2001 Nissan X-Trail,Nissan,X-Trail,2001,119799,5500.0
2016 Ford Kuga Titanium Awd Diesel,Ford,Kuga,2016,45600,21000.0
2016 Nissan X-Trail 2WD Heated Seats Pure-Drive...,Nissan,X-Trail,2016,38110,26990.0
2022 Hyundai Palisade 3.8P GDI LTD 2WD 7S,Hyundai,Palisade,2022,85,84990.0
2010 Holden Commodore Clubsport R8,Holden,Commodore,2010,122786,88000.0
2000 Nissan Skyline,Nissan,Skyline,2000,163000,35500.0
2014 Volvo V60 T6 AWD,Volvo,V60,2014,101812,18000.0
2013 Toyota Corolla Fielder,Toyota,Corolla,2013,90428,8990.0
2001 Suzuki Aerio,Suzuki,Aerio,2001,120972,3950.0
1994 Nissan Skyline Gtr,Nissan,Skyline,1994,72000,99950.0
2006 Kia Sorento,Kia,Sorento,2006,252000,7500.0
2012 Audi Q7 3.0TDI S-LINE NZ NEW,Audi,Q7,2012,143141,29990.0
2012 Volkswagen Golf TSi COMFORT LINE PREMIUM E...,Volkswagen,Golf,2012,23632,12879.0
2006 Nissan March,Nissan,March,2006,63000,6290.0
2018 Audi RS4 Rs 4 Avant,Audi,RS4,2018,48855,89990.0
2010 Toyota Corolla Gx,Toyota,Corolla,2010,134000,7500.0
2007 Toyota Land Cruiser Prado V6 Vx,Toyota,Land Cruiser Prado,2007,222424,15750.0
2007 Nissan Navara,Nissan,Navara,2007,244047,16500.0
2016 BMW 420i 420I Convertible,BMW,420i,2016,36418,37000.0
2013 Ford Ranger Td Xlt Dc W/Sa,Ford,Ranger,2013,180000,34000.0
2009 Volkswagen Golf Tsi Comfortline,Volkswagen,Golf,2009,138000,6500.0
2016 Nissan X-Trail Hybrid 4WD Full spec 360 Ca...,Nissan,X-Trail,2016,78657,28990.0
"2019 Toyota Corolla Touring 1.8 Hybrid, Sports...",Toyota,Corolla,2019,17300,38990.0
"2015 Toyota Camry Hybrid, Facelift, Camchain, n...",Toyota,Camry,2015,72819,23980.0
2016 Mitsubishi Outlander PHEV Cam Chain 4WD Cl...,Mitsubishi,Outlander,2016,70786,39980.0
2017 Nissan X-Trail 2.0L 4WD Hybrid Low km as N...,Nissan,X-Trail,2017,40080,31990.0
"2011 Mitsubishi Outlander 2.4 4WD 7Seat, Camchain",Mitsubishi,Outlander,2011,98685,14990.0
"2013 Mitsubishi Outlander PHEV, 4WD, Low ks, su...",Mitsubishi,Outlander,2013,52861,31980.0
"2012 Toyota Aqua All power windows, camchain, n...",Toyota,Aqua,2012,106968,9480.0
2000 Toyota Land Cruiser Td Vx Wgn5,Toyota,Land Cruiser,2000,322000,37000.0
1986 Mercedes-Benz 190 E 190e 2.3-16,Mercedes-Benz,190 E,1986,165000,10000.0
2013 Volvo XC60,Volvo,XC60,2013,52404,22000.0
1973 Volkswagen Kombi,Volkswagen,Kombi,1973,20000,10000.0
2021 MINI Countryman Plug-in Hybrid Full Spec,MINI,Countryman,2021,2800,68900.0
2005 Ford Falcon Typhoon F6,Ford,Falcon,2005,120000,40000.0
2011 Holden HSV GTS Gts,Holden,HSV GTS,2011,176000,50000.0
2015 Nissan Serena,Nissan,Serena,2015,62284,29500.0
2015 Mitsubishi Triton D/Cab Gls,Mitsubishi,Triton,2015,141000,29000.0
2015 Subaru Impreza,Subaru,Impreza,2015,129305,11474.0
2011 Mazda BT-50 D/CAB W/S DX,Mazda,BT-50,2011,190750,23990.0
2022 Mitsubishi Eclipse Cross VRX,Mitsubishi,Eclipse Cross,2022,0,41990.0
2014 MINI Countryman SD/CROSSOVER,MINI,Countryman,2014,97000,20974.0
2014 Land Rover Range Rover Sport,Land Rover,Range Rover,2014,141000,45000.0
2012 Toyota Land Cruiser Prado Vx,Toyota,Land Cruiser Prado,2012,204000,41500.0
2014 BMW 335i M-Sport,BMW,335i,2014,126000,25000.0
2014 BMW 320d M SPORT/TIDY CONDITION,BMW,320d,2014,94000,22974.0
2008 Nissan Skyline 370GT Type S,Nissan,Skyline,2008,91729,15995.0
2013 Nissan Juke Nismo 4WD,Nissan,Juke,2013,104383,16995.0
2012 Toyota Camry,Toyota,Camry,2012,187033,9500.0
2021 Skoda Superb Ambition iV PHEV,Skoda,Superb,2021,7500,55990.0
2013 Volkswagen Golf GTI DSG 155kW DCC,Volkswagen,Golf,2013,73800,19990.0
"2012 Toyota Aqua Trade-in Special* USB/AUX, Blu...",Toyota,Aqua,2012,84000,8550.0
2019 Land Rover Range Rover Evoque P300 Mhev R-Dyn,Land Rover,Range Rover Evoque,2019,34000,104000.0
2007 Holden Commodore SEDAN V6 AUTO,Holden,Commodore,2007,197600,7350.0
2010 Toyota Vellfire 3.5 V6 No Deposit Finance,Toyota,Vellfire,2010,141000,18990.0
2013 Subaru Forester 2.0XT EYESIGHT AWD - No De...,Subaru,Forester,2013,107700,18990.0
2020 Nissan Navara ST-X 450 2WD Auto STX,Nissan,Navara,2020,32247,49990.0
2018 Mitsubishi Eclipse Cross XLS,Mitsubishi,Eclipse Cross,2018,33834,26990.0
2017 Suzuki S-Cross SX4 Ltd,Suzuki,S-Cross,2017,47528,21990.0
1991 Toyota Land Cruiser,Toyota,Land Cruiser,1991,396840,35000.0
1970 Ford F250,Ford,F250,1970,213160,20000.0
2004 Lexus RX 330 Rv,Lexus,RX 330,2004,122772,8850.0
2014 Suzuki Jimny Sierra,Suzuki,Jimny,2014,94000,22000.0
2008 Volkswagen Passat 1.8T,Volkswagen,Passat,2008,85000,8500.0
2018 Volkswagen Amarok Dc 4M V6 550Nm Hl,Volkswagen,Amarok,2018,40360,78000.0
2008 Holden Statesman V6,Holden,Statesman,2008,72500,10000.0
2017 Mazda 2 Gsx 1.5P/6At,Mazda,2,2017,13000,20990.0
2008 Nissan Dualis,Nissan,Dualis,2008,150000,6200.0
1997 Mitsubishi Delica,Mitsubishi,Delica,1997,72990,1.0
2018 Toyota Corolla Gx,Toyota,Corolla,2018,101763,16990.0
2015 Suzuki Swift Sport,Suzuki,Swift,2015,108000,11000.0
2019 Ford Ranger Raptor 4WD,Ford,Ranger,2019,43756,80990.0
2011 Toyota Hilux SR5 D/Cab 4WD,Toyota,Hilux,2011,286953,35990.0
2014 Volkswagen Tiguan Tsi 110Kw,Volkswagen,Tiguan,2014,81000,16999.0
"2010 BMW 116i Facelift 1 Series**Push Start,All...",BMW,116i,2010,86605,7550.0
1989 Nissan Patrol,Nissan,Patrol,1989,330000,14000.0
"2010 Toyota Mark-X Facelift 250G **Rev-Cam,Push...",Toyota,Mark-X,2010,92650,9990.0
2009 Toyota Vanguard 240S G Package**Full Black...,Toyota,Vanguard,2009,84715,14890.0
"2012 BMW 320i LCI Model**i-Drive,A-Stop,Joy-Sti...",BMW,320i,2012,30395,17940.0
2007 Toyota Hiace,Toyota,Hiace,2007,210000,12000.0
2013 Lexus RX450H HYBRID - No Deposit Finance TAP,Lexus,Other,2013,70752,36990.0
2014 Land Rover Discovery 4 HSE SDV6 NZ New,Land Rover,Discovery,2014,109700,57990.0
2022 Isuzu D-Max X-Terrain Double Cab 4WD AUTO,Isuzu,D-Max,2022,0,75490.0
2022 Isuzu D-Max X-Terrain Double Cab 4WD AUTO,Isuzu,D-Max,2022,0,75490.0
2012 Mazda Atenza 20S SPORT WAGON 20' ALLOYS PERAL,Mazda,Atenza,2012,121500,15995.0
2013 Mazda Atenza Wagon Turbo Diesel 2.2,Mazda,Atenza,2013,164456,14000.0
2003 Toyota Camry Ateva,Toyota,Camry,2003,97000,2500.0
2008 Mazda Atenza 25EX SPORT LIFTBACK RED IN BLACK,Mazda,Atenza,2008,72300,11495.0
2003 Holden Commodore Calais V6 S/C,Holden,Commodore,2003,150000,11000.0
2021 Nissan Qashqai St,Nissan,Qashqai,2021,10200,28900.0
2013 BMW 320i 320I,BMW,320i,2013,97000,13500.0
2017 Audi Q2,Audi,Q2,2017,29000,42900.0
2020 Ssangyong Rhino Diesel Auto 4Wd Spr,Ssangyong,Rhino,2020,20000,40000.0
2017 Toyota Hilux 2.4TD Z 4WD,Toyota,Hilux,2017,35590,54990.0
2018 Holden Trailblazer Ltz,Holden,Trailblazer,2018,71500,50000.0
2005 Toyota Mark-X 250G*44000 KMs Only**,Toyota,Mark-X,2005,44000,8750.0
2005 Nissan Murano 3500cc V6 *Black Leather*,Nissan,Murano,2005,154000,4950.0
1969 Chevrolet Corvette,Chevrolet,Corvette,1969,155391,93000.0
2017 Mazda CX-5 Gsx Dsl,Mazda,CX-5,2017,252000,15000.0
2017 Mazda CX-5 Gsx Ptr,Mazda,CX-5,2017,67000,34000.0
2022 Skoda Scala Style TSI 110kW,Skoda,Scala,2022,50,43990.0
2018 Mitsubishi Outlander Ls,Mitsubishi,Outlander,2018,50543,27900.0
2015 Toyota Highlander Gx 3.5 AWD,Toyota,Highlander,2015,115000,25000.0
2011 Subaru Outback,Subaru,Outback,2011,166000,10500.0
2010 Suzuki Grand Vitara DDiS,Suzuki,Grand Vitara,2010,164477,12000.0
2020 Nissan X-Trail St,Nissan,X-Trail,2020,900,29000.0
2016 Nissan X-Trail 20S *Emergency Brake Package*,Nissan,X-Trail,2016,103181,20440.0
2016 Ford Transit SWB LOW ROOF 2.0D - No Deposi...,Ford,Transit,2016,161943,29990.0
2009 Mitsubishi Outlander 4WD 24G 7 Seater *Mag...,Mitsubishi,Outlander,2009,108000,13995.0
2012 Holden Captiva,Holden,Captiva,2012,145999,1.0
2013 Toyota Aqua Sporty Kit,Toyota,Aqua,2013,35000,19980.0
1981 Ford LTD FC,Ford,LTD,1981,241575,1.0
2006 Subaru Legacy 2.0 GT,Subaru,Legacy,2006,96500,9990.0
2008 Chrysler PT Cruiser Ltd,Chrysler,PT Cruiser,2008,111112,5900.0
2009 Ford Falcon Fg Fpv Gt,Ford,Falcon,2009,110500,60000.0
2015 Ford Territory TS AWD,Ford,Territory,2015,130383,24990.0
2004 Audi A3 3.2 Quattro,Audi,A3,2004,107,6950.0
2018 Ford Focus Trend,Ford,Focus,2018,46000,17000.0
2020 Hyundai Santa Fe TM Elite,Hyundai,Santa Fe,2020,20263,63990.0
2015 Ford Ranger Xlt Double Cab W/Sa,Ford,Ranger,2015,180000,35000.0
2010 Ford Fiesta S,Ford,Fiesta,2010,59351,8250.0
2022 Hyundai Santa Fe TM 3.5P 2WD 7S LTD PE,Hyundai,Santa Fe,2022,45,74990.0
2021 Land Rover Defender V8 Supercharged Online...,Land Rover,Defender,2021,1801,245000.0
2015 Ford Ranger Wildtrak,Ford,Ranger,2015,108000,43990.0
2019 Nissan X-Trail 20S 4WD,Nissan,X-Trail,2019,58905,28995.0
2016 Nissan X-Trail 20XEMABRE PACK,Nissan,X-Trail,2016,53344,24995.0
2013 Nissan Dualis 20G,Nissan,Dualis,2013,55130,17995.0
2007 Holden Commodore SV6,Holden,Commodore,2007,366582,7000.0
2014 Toyota Hiace ZX 3.0DT NZ NEW BIG JUMBO Ons...,Toyota,Hiace,2014,81702,39990.0
2019 Toyota Hiace 2.8L Diesel Turbo 5 Doors Ons...,Toyota,Hiace,2019,26204,44990.0
2018 Toyota Hiace 2.8L Diesel 5 Door GL Package...,Toyota,Hiace,2018,55078,42990.0
2016 Toyota Hiace ZX 3.0DT NZ NEW BIG JUMBO Ons...,Toyota,Hiace,2016,76547,43990.0
2015 Holden Commodore Vf Sv6,Holden,Commodore,2015,90000,25000.0
2010 Nissan Navara D/C 2.5D 2WD ST-X AT,Nissan,Navara,2010,190177,19500.0
2020 Toyota Hiace Low KMS Lift systerm fitted O...,Toyota,Hiace,2020,4692,37990.0
2017 Toyota 86 Modellista Bodykits Onsite Finance,Toyota,86,2017,72992,35990.0
2018 Skoda Karoq,Skoda,Karoq,2018,13650,32990.0
2022 Isuzu D-Max 3.0L 4X4 LS Double Cab Auto,Isuzu,D-Max,2022,8000,72990.0
2019 Toyota Hiace 2.8L Diesel Turbo 5DR High Sp...,Toyota,Hiace,2019,56836,43990.0
2019 Toyota Hiace 4WD 2.8L Diesel Turbo 5DR 6 S...,Toyota,Hiace,2019,21926,47990.0
2016 Mazda MPV 23S LOW KMS 7 Seater Onsite Finance,Mazda,MPV,2016,61850,21990.0
2014 Audi RS4 4.2 V8 AVANT 4WD Wagon Onsite Fin...,Audi,RS4,2014,75356,67990.0
2012 Mercedes-Benz C 180 BLUEEFFICIENCY Sporty...,Mercedes-Benz,C 180,2012,70001,16900.0
2019 Toyota Hiace LWB 5 Doors 6 SEATS Onsite Fi...,Toyota,Hiace,2019,69431,31990.0
2018 Toyota Hiace 2.8L Diesel GL Package Highsp...,Toyota,Hiace,2018,65047,41990.0
2012 Mercedes-Benz E 250 AMG package Full Leath...,Mercedes-Benz,E 250,2012,64196,19990.0
2013 Toyota Land Cruiser Vx Td Suv,Toyota,Land Cruiser,2013,118000,87500.0
2012 Toyota Aqua Hybrid S Aero,Toyota,Aqua,2012,144000,9970.0
2006 Nissan Bluebird Sylphy,Nissan,Bluebird,2006,83562,4990.0
2017 Volkswagen Tiguan TSI R-Line 4MOTION,Volkswagen,Tiguan,2017,65350,49990.0
1972 Triumph Other Spitfire mk 4,Triumph,Other,1972,74315,24000.0
2008 Volkswagen Golf Gti,Volkswagen,Golf,2008,113000,11999.0
2009 BMW M3 M3 Sedan,BMW,M3,2009,114000,20000.0
2012 BMW M135i,BMW,M135i,2012,96000,24000.0
2021 Toyota Hilux Sr5 Td Dc,Toyota,Hilux,2021,3600,67500.0
2009 Subaru Legacy,Subaru,Legacy,2009,189000,4500.0
2017 Toyota Hilux Sr5 Td Dc,Toyota,Hilux,2017,64000,45000.0
2012 Holden Cruze Cdx,Holden,Cruze,2012,154760,5500.0
2011 Volkswagen Golf Tsi 90Kw,Volkswagen,Golf,2011,124036,7500.0
2007 Nissan Tiida,Nissan,Tiida,2007,57990,6050.0
1937 Chevrolet Other 1/2 ton truck,Chevrolet,Other,1937,145000,25000.0
2007 Mitsubishi L300 Lwb,Mitsubishi,L300,2007,137643,10500.0
2015 Jeep Grand Cherokee Limited,Jeep,Grand Cherokee,2015,133744,30000.0
2015 Holden Trax Ltz,Holden,Trax,2015,121580,10500.0
2016 BMW M3 F80 M3,BMW,M3,2016,44000,88000.0
2015 Toyota Land Cruiser Prado Vx,Toyota,Land Cruiser Prado,2015,170000,44000.0
2005 Toyota Land Cruiser Prado Prado,Toyota,Land Cruiser Prado,2005,237000,16000.0
2008 Honda S2000,Honda,S2000,2008,60110,68950.0
2021 Subaru Outback X Advance,Subaru,Outback,2021,21500,51000.0
2018 Ford Ranger Xlt Double Cab W/Sa,Ford,Ranger,2018,93148,69000.0
2018 Isuzu D-Max Ls-T Dc,Isuzu,D-Max,2018,91122,38000.0
1990 Toyota Hilux Extra cab SR5,Toyota,Hilux,1990,275890,16500.0
2009 Toyota Land Cruiser 76 Series,Toyota,Land Cruiser,2009,209600,1.0
2015 Volkswagen Amarok Dc 4M Tl,Volkswagen,Amarok,2015,103651,35000.0
2019 Hyundai Kona 2.0 2Wd Limited,Hyundai,Kona,2019,14000,45000.0
1974 Volkswagen Kombi kombi caravette,Volkswagen,Kombi,1974,88073,44950.0
2003 Toyota Gaia,Toyota,Gaia,2003,261000,3700.0
2006 Suzuki Grand Vitara DDiS,Suzuki,Grand Vitara,2006,106335,9800.0
1977 Mitsubishi Galant Galant Sigma GE,Mitsubishi,Galant,1977,56000,8000.0
2008 BMW X5 4.8I,BMW,X5,2008,130000,18000.0
2006 Honda Odyssey Vtil,Honda,Odyssey,2006,261000,2800.0
2021 Kia Stinger Gt Sport Le,Kia,Stinger,2021,21000,74999.0
1997 Ford Falcon El Fut W Fa,Ford,Falcon,1997,334000,6000.0
2009 Volkswagen Eos TFSI,Volkswagen,Eos,2009,92250,9990.0
2008 BMW 335i 335I Touring,BMW,335i,2008,95000,14500.0
2012 Subaru Outback 25I,Subaru,Outback,2012,149022,10000.0
2005 Toyota Mark-X 300G Premium,Toyota,Mark-X,2005,127442,8000.0
2019 Mazda CX-9 Takami,Mazda,CX-9,2019,19352,62000.0
2007 Subaru Impreza 20S,Subaru,Impreza,2007,156000,7500.0
2018 Subaru Outback 2.5L AWD *FACELIFT* (NZNEW),Subaru,Outback,2018,37687,36950.0
2008 Holden Barina,Holden,Barina,2008,104000,3750.0
2012 Volkswagen Golf Gti 2.0T,Volkswagen,Golf,2012,71586,17500.0
1970 Volkswagen Kombi,Volkswagen,Kombi,1970,106000,42000.0
2021 Tesla Model 3 Standard Range Plus,Tesla,Model 3,2021,9429,1.0
2004 Toyota Hiace Regius Ace,Toyota,Hiace,2004,213000,21000.0
2016 Mitsubishi ASX Vrx,Mitsubishi,ASX,2016,59000,16000.0
2007 MINI Cooper,MINI,Cooper,2007,118500,8500.0
2011 Toyota Highlander,Toyota,Highlander,2011,203353,19999.0
2012 Nissan Juke 16GT Turbo,Nissan,Juke,2012,86600,12995.0
2008 Toyota Crown,Toyota,Crown,2008,68300,14000.0
2013 Volkswagen Golf Tsi Highline,Volkswagen,Golf,2013,115485,10000.0
2011 Mazda CX-9 Ltd,Mazda,CX-9,2011,223000,14900.0
2010 Mazda Premacy,Mazda,Premacy,2010,92232,7895.0
2015 Mercedes-Benz B 200 Electric Drive Sport,Mercedes-Benz,B 200,2015,98416,24500.0
2011 Mercedes-Benz B 180 B180 Sports,Mercedes-Benz,B 180,2011,72000,9750.0
2021 Tesla Model 3 Standard Range Plus,Tesla,Model 3,2021,10420,71000.0
2009 Subaru Legacy B4 Si Drive On Special**Padd...,Subaru,Legacy,2009,119500,7740.0
2008 Mazda 6 Sport Gsx,Mazda,6,2008,230555,6990.0
2013 Holden HSV Maloo Maloo R8,Holden,HSV Maloo,2013,140000,90000.0
2004 BMW 760LI V12,BMW,760LI,2004,109949,18000.0
2011 Toyota Prius,Toyota,Prius,2011,132536,10500.0
2010 Volkswagen Golf Gti 2.0T,Volkswagen,Golf,2010,69000,17800.0
2018 Ford Mustang 5.0L Fastback At,Ford,Mustang,2018,7978,80000.0
2009 Toyota Hiace T Zx,Toyota,Hiace,2009,202493,19000.0
2012 Mitsubishi Outlander 24 G / 4WD / 7 Seater,Mitsubishi,Outlander,2012,89700,20500.0
2008 Toyota Avensis,Toyota,Avensis,2008,26708,8174.0
2008 Nissan Serena,Nissan,Serena,2008,74000,9000.0
2012 Alfa Romeo 159 Jtd Sw Ti,Alfa Romeo,159,2012,122780,12950.0
2009 Honda Fit,Honda,Fit,2009,136000,4900.0
2008 BMW 320i,BMW,320i,2008,118000,5000.0
2011 Audi S3,Audi,S3,2011,152087,18000.0
2000 Chevrolet Blazer Ls,Chevrolet,Blazer,2000,122500,9500.0
2014 Land Rover Defender 4X4,Land Rover,Defender,2014,70000,94900.0
2009 Lexus RX 400h E,Lexus,RX 400h,2009,280000,14500.0
2006 Holden Barina,Holden,Barina,2006,37500,7500.0
2006 Mazda MPV 4WD L3-VE Limited,Mazda,MPV,2006,239000,3990.0
1996 Toyota Hiace Super Custom 3.0D,Toyota,Hiace,1996,446460,8995.0
2012 Toyota Corolla Gx,Toyota,Corolla,2012,66000,10000.0
2008 Mitsubishi Pajero,Mitsubishi,Pajero,2008,144000,17900.0
2011 Subaru Legacy Wagon+2.5i+EYESIGHT+Cruise C...,Subaru,Legacy,2011,113243,11440.0
1992 Mazda RX7,Mazda,RX7,1992,120000,57000.0
2012 Porsche Panamera GTS (2013 model year),Porsche,Panamera,2012,78800,58990.0
2016 Volvo XC90 D5 Awd Momentum,Volvo,XC90,2016,41673,56000.0
2017 Toyota Corolla Glx,Toyota,Corolla,2017,63225,19999.0
2017 Toyota Yaris GX 1.3P 4AT Hatch,Toyota,Yaris,2017,38367,16888.0
2013 Toyota Land Cruiser 70 Lx Td Dc,Toyota,Land Cruiser,2013,107000,100000.0
2019 Mazda CX-5 Gsx Ptr,Mazda,CX-5,2019,10212,36995.0
2015 Ford Ranger Td Xlt Dc W/Sa,Ford,Ranger,2015,185000,32000.0
2016 Land Rover Range Rover Auto-B Sdv8 A,Land Rover,Range Rover,2016,40000,100000.0
2015 Holden Captiva 7 LTZ AWD Running boards,Holden,Captiva,2015,138876,16990.0
1995 Holden Commodore Vs Hsv Gts 215I,Holden,Commodore,1995,190000,42000.0
2010 Honda Insight Hybrid,Honda,Insight,2010,135380,7874.0
2015 Mazda CX-5 SKYACTIV-D - turbo,Mazda,CX-5,2015,90700,17500.0
2010 MINI Cooper S,MINI,Cooper,2010,92400,11990.0
2021 BMW X7 M50d,BMW,X7,2021,16300,165000.0
2014 Subaru Outback 2.5I Tourer Slt,Subaru,Outback,2014,87776,15000.0
2014 Toyota Aqua S Package Certified Mileage,Toyota,Aqua,2014,87574,12990.0
2014 Lexus ES 300 Luxury Auto,Lexus,ES 300,2014,58000,21999.0
2008 Subaru Exiga,Subaru,Exiga,2008,210316,4000.0
2017 Ford Ranger Xlt Double Cab W/S A,Ford,Ranger,2017,126000,37000.0
2001 Honda S2000,Honda,S2000,2001,57407,45000.0
2008 Nissan Dualis,Nissan,Dualis,2008,162890,8000.0
2005 Toyota Avensis Gx,Toyota,Avensis,2005,188000,2150.0
2009 Toyota Alphard,Toyota,Alphard,2009,85218,16500.0
2008 Mercedes-Benz V 350 Same as Vito and v250,Mercedes-Benz,V 350,2008,128000,13000.0
2010 Ford Falcon Bf3 Xt Fa,Ford,Falcon,2010,137000,9990.0
1990 Subaru Brumby,Subaru,Brumby,1990,273842,10000.0
2005 Mitsubishi Grandis,Mitsubishi,Grandis,2005,188000,4000.0
2010 Mazda Axela 20E,Mazda,Axela,2010,163440,9990.0
2007 Mazda MPV,Mazda,MPV,2007,162240,5990.0
2011 Ford Territory Titanium,Ford,Territory,2011,67500,21000.0
2014 Land Rover Range Rover Sport 2014 Land Rov...,Land Rover,Range Rover Sport,2014,90120,87990.0
2014 Volvo XC60 T5 Luxury,Volvo,XC60,2014,183000,16500.0
2014 BMW 116i M SPORT + NZ GPS + F/LIFT,BMW,116i,2014,68000,18980.0
2014 Volkswagen Golf Mk 7 TSi Comfortline - Gen...,Volkswagen,Golf,2014,36800,17990.0
2018 Toyota Aqua S Push Start Toyota Safetly Se...,Toyota,Aqua,2018,65500,18950.0
2014 Mitsubishi Outlander XLS 2.4P/4WD/CVT/SW,Mitsubishi,Outlander,2014,99929,22990.0
2009 Mazda Axela,Mazda,Axela,2009,135000,7990.0
2001 Holden Commodore Ss V8,Holden,Commodore,2001,158900,16500.0
2010 Peugeot 4007,Peugeot,4007,2010,250000,7000.0
2019 Toyota Land Cruiser Prado TX-L Grade 5 SUN...,Toyota,Land Cruiser Prado,2019,19463,83995.0
2010 Mazda 6 Glx,Mazda,6,2010,151000,8999.0
2015 BMW 116i M-Sport edition,BMW,116i,2015,62000,19500.0
2015 Nissan Qashqai Ti,Nissan,Qashqai,2015,91609,22900.0
2007 Subaru Legacy I,Subaru,Legacy,2007,207000,4000.0
2004 Volkswagen Touran,Volkswagen,Touran,2004,96356,2000.0
2007 Mercedes-Benz CLK 350 Convertible Avantgarde,Mercedes-Benz,CLK 350,2007,160390,18900.0
2007 Honda Civic S,Honda,Civic,2007,140000,5900.0
2016 Jeep Wrangler Rubicon,Jeep,Wrangler,2016,63500,1.0
2022 Volkswagen Golf GTI 180kW,Volkswagen,Golf,2022,100,62990.0
2014 Toyota Corolla Gx,Toyota,Corolla,2014,105100,11000.0
2016 Audi A5 A5 Sportback 2.0T Q,Audi,A5,2016,119000,31000.0
2009 Subaru Legacy 2.5 GT Wagon AWD 5dr MY09,Subaru,Legacy,2009,114946,12490.0
2017 Honda Civic 1.8 SX Edition/From $76 week!,Honda,Civic,2017,64160,19900.0
2018 Honda Jazz Rs 1.5p/cvt,Honda,Jazz,2018,32942,21990.0
2020 Mitsubishi ASX Ls 2.0p/cvt,Mitsubishi,ASX,2020,11600,25990.0
2021 Suzuki Baleno Rs 1.0pt/6at,Suzuki,Baleno,2021,4265,23990.0
2014 Toyota Corolla Axio 1.5X Low Kms!,Toyota,Corolla,2014,87700,9995.0
2022 Toyota Land Cruiser Lx,Toyota,Land Cruiser,2022,414,145000.0
2014 Toyota Corolla Axio 1.5X Low Kms!,Toyota,Corolla,2014,55300,10995.0
2013 Volkswagen Golf GTI,Volkswagen,Golf,2013,70100,17995.0
2014 Nissan Navara D/C St-X,Nissan,Navara,2014,77000,24500.0
2009 Volkswagen Golf GTI PIRELLI EDITION,Volkswagen,Golf,2009,118216,14995.0
2013 Holden Commodore Z-Series,Holden,Commodore,2013,123244,17500.0
2007 Toyota Blade,Toyota,Blade,2007,73999,8900.0
2012 Toyota 86 GT **Paddle Shift**,Toyota,86,2012,107000,23950.0
1996 Suzuki Escudo,Suzuki,Escudo,1996,92201,6500.0
2014 Audi A3 1.4TFSI,Audi,A3,2014,73933,17490.0
2016 Subaru Legacy B4 Sports AWD *Eyesight*,Subaru,Legacy,2016,97900,19950.0
2012 BMW 116i 116I,BMW,116i,2012,83700,8500.0
2014 Ford Ranger Td Xlt Dc W/S A,Ford,Ranger,2014,88000,25000.0
"2016 Toyota Corolla Fielder, Hybrid",Toyota,Corolla,2016,80300,16580.0
2014 Mazda Axela SPORT LOW 37KM SKYACTIVE!,Mazda,Axela,2014,37800,18850.0
2017 Toyota Aqua 1.5L Facelift Hybrid,Toyota,Aqua,2017,68800,15200.0
2017 Toyota Aqua 1.5S Facelift Model,Toyota,Aqua,2017,85700,15200.0
2016 Toyota Vitz 1.3F New Shape,Toyota,Vitz,2016,74200,11995.0
2014 Mazda Axela SPORT LOW 65KM SKYACTIVE!,Mazda,Axela,2014,65300,17750.0
"2020 Maserati Levante S Gransport, NZ New",Maserati,Levante,2020,25200,149990.0
2005 Toyota Hiace Tdzx,Toyota,Hiace,2005,463100,10000.0
2022 Ford Ranger Wildtrak X NZ NEW Onsite Finance,Ford,Ranger,2022,50,76990.0
2020 Nissan Leaf 40X,Nissan,Leaf,2020,6992,42990.0
2020 Nissan Leaf 40G,Nissan,Leaf,2020,10595,43990.0
2004 Honda Accord Euro,Honda,Accord,2004,279227,100.0
2008 Suzuki Swift,Suzuki,Swift,2008,96000,6999.0
2004 Toyota Harrier 300G,Toyota,Harrier,2004,169000,6295.0
2007 Holden Commodore SV6 SEDAN AUTO,Holden,Commodore,2007,281993,10995.0
2020 Toyota Regius ACE,Toyota,Regius,2020,34247,39990.0
2018 Toyota Corolla HYBRID NZ NEW ONE OWNER WIT...,Toyota,Corolla,2018,55895,26950.0
2014 Mazda Axela SPORT LOW 13KM SKYACTIVE!,Mazda,Axela,2014,13000,17950.0
2007 Holden Caprice V8,Holden,Caprice,2007,207,58000.0
2012 BMW X5 Turbo,BMW,X5,2012,72330,33000.0
2021 Nissan X-Trail 2.0L 4WD Hybrid Low km as N...,Nissan,X-Trail,2021,17736,44990.0
"2014 Honda Vezel Hybrid, HR-v, 4WD, Low ks",Honda,Vezel,2014,39720,26990.0
2009 Mazda 3 Sporthatch GSX,Mazda,3,2009,159646,5500.0
2015 Nissan Skyline 350GT Hybrid,Nissan,Skyline,2015,128600,22800.0
2015 Holden Colorado Z71 4x4 Crew Cab2.8L Turbo...,Holden,Colorado,2015,101513,37850.0
2015 Audi A1 S Line Tfsi,Audi,A1,2015,97859,10000.0
2011 Honda Insight N,Honda,Insight,2011,160587,9500.0
1997 Toyota Surf Ssrx,Toyota,Surf,1997,181000,19000.0
2014 Nissan X-Trail 4WD 7 SEATER LOW 43KM HIGH...,Nissan,X-Trail,2014,43000,24750.0
2019 Ford Ranger Xlt Double Cab W/S A,Ford,Ranger,2019,43000,60000.0
2019 BMW 745e =2.3L PER 100K/PHEV/XDRIVE/LE/LCI,BMW,745e,2019,7040,169990.0
2019 Holden Trailblazer LTZ 4WD NZ NEW,Holden,Trailblazer,2019,87200,42950.0
2009 Subaru Outback R Premium,Subaru,Outback,2009,272000,5000.0
2017 Volkswagen Amarok Dc 4M V6 550Nm Hl,Volkswagen,Amarok,2017,66826,50000.0
2019 MINI Countryman Cooper S Rockfield Edition,MINI,Countryman,2019,19800,52900.0
2014 Mitsubishi ASX 2014 Mitsubishi ASX 4WD 2.3 D,Mitsubishi,ASX,2014,119423,9950.0
2008 Toyota Vitz,Toyota,Vitz,2008,72000,6100.0
2019 Toyota Hiace GL 12 Seater 2.8 Ltr Diesel M...,Toyota,Hiace,2019,57,55990.0
2016 Suzuki Swift Xs5,Suzuki,Swift,2016,36000,13999.0
2011 Audi A3 Sportback T Fsi,Audi,A3,2011,163764,8850.0
2013 Audi Q5 3.0Tq,Audi,Q5,2013,113000,20000.0
2016 Toyota Corolla Axio Hybrid,Toyota,Corolla,2016,76000,15450.0
2015 Toyota Corolla GX 1.8 Sedan,Toyota,Corolla,2015,185600,9350.0
2015 Nissan Pulsar 1.8 Auto Hatch,Nissan,Pulsar,2015,61000,12850.0
2009 Audi A4 1.8 Tfsi,Audi,A4,2009,78450,12500.0
2012 Honda CR-Z Hybird IMA G-Package Certified...,Honda,CR-Z,2012,101531,11990.0
2013 Toyota Aqua G-Package Smart-Key Certified...,Toyota,Aqua,2013,66882,13990.0
2015 Suzuki Swift XL Package 4 New tires Certif...,Suzuki,Swift,2015,26386,13490.0
2014 Honda CR-V Sport N,Honda,CR-V,2014,40004,26995.0
2009 Mazda 6 Glx,Mazda,6,2009,193000,8000.0
2008 BMW 120i 120I,BMW,120i,2008,118000,6590.0
2006 Dodge Charger R/T DAYTONA,Dodge,Charger,2006,73732,55000.0
2008 Toyota Mark-X Zio,Toyota,Mark-X,2008,114200,8399.0
2000 Audi TT Quattro Coupe,Audi,TT,2000,196000,6900.0
2018 Toyota Corolla Gx,Toyota,Corolla,2018,89000,14900.0
2006 Chevrolet Corvette,Chevrolet,Corvette,2006,98000,54000.0
2015 Dodge Journey R/T,Dodge,Journey,2015,25600,24500.0
2006 Holden HSV Avalanche HSV XUV,Holden,HSV Avalanche,2006,103000,50000.0
2011 Hyundai i45 Elite,Hyundai,i45,2011,155408,5000.0
2013 Mazda CX-5 Gsx,Mazda,CX-5,2013,56781,25500.0
2005 Ford Courier Td Xlx Cr W/S,Ford,Courier,2005,185224,13700.0
2015 Audi RS6 Rs 6 Avant 4.0 Tfsi,Audi,RS6,2015,78000,10000.0
2009 Nissan Urvan,Nissan,Urvan,2009,245000,14000.0
1988 Toyota Hilux Ln46/Ln65,Toyota,Hilux,1988,361887,1.0
2007 Lexus IS 250,Lexus,IS 250,2007,158218,7000.0
1964 Ford Other Galaxie 500,Ford,Other,1964,11500,77000.0
"2016 Toyota Corolla Axio Hybrid, Facelift, camc...",Toyota,Corolla,2016,71764,14990.0
2016 Nissan X-Trail Hybrid 4WD NZ Stereo Full Spec,Nissan,X-Trail,2016,73925,29490.0
"2010 Toyota Blade Facelift, vvti camchain",Toyota,Blade,2010,75223,11490.0
"2015 Toyota Camry Hybrid, Facelift, low ks",Toyota,Camry,2015,50316,25980.0
"2013 Volkswagen Golf 1.4 TSI High line, super l...",Volkswagen,Golf,2013,28741,17990.0
2011 Mazda Axela /3 2.0L I-Stop Chain Driven Ec...,Mazda,Axela,2011,108249,10490.0
2021 Toyota Corolla Touring hybrid 1.8L Wagon B...,Toyota,Corolla,2021,2340,42990.0
"2012 Mazda CX-5 2.2 Diesel, low ks, nice n tidy",Mazda,CX-5,2012,15980,19990.0
"2012 Toyota Aqua All Power window, camchain, ni...",Toyota,Aqua,2012,96684,10490.0
2013 Toyota Prius PHV Clean Car Rebate lower KM...,Toyota,Prius,2013,26673,23490.0
2016 Mitsubishi Outlander PHEV Clean car rebate...,Mitsubishi,Outlander,2016,32206,43990.0
2014 Land Rover Defender 130 Pick Up,Land Rover,Defender,2014,77874,95000.0
2012 Toyota Aqua Hybrid,Toyota,Aqua,2012,115227,9574.0
2008 BMW 116i,BMW,116i,2008,96710,7374.0
2012 Mazda Demio,Mazda,Demio,2012,115334,8174.0
2013 Nissan Navara K/C Rx,Nissan,Navara,2013,133000,23000.0
"2009 Mazda Axela 20S SPORT VERY LOW KM 60,000 RED",Mazda,Axela,2009,60000,11999.0
2016 Ford Ranger Xlt Double Cab W/Sa,Ford,Ranger,2016,201270,1.0
2014 Volkswagen Golf TSI Trendline Premium,Volkswagen,Golf,2014,60518,15999.0
2020 Haval H2 LUX 1.5L TURBO,HAVAL,H2,2020,26500,25995.0
2011 Mercedes-Benz E 300 3.0L,Mercedes-Benz,E 300,2011,110000,14995.0
2019 Haval H2 LUX,HAVAL,H2,2019,59000,20995.0
2012 Jaguar XF 2.2L turbo Diesel,Jaguar,XF,2012,97500,25995.0
2012 Land Rover Discovery 4 V8 7 seater,Land Rover,Discovery,2012,118500,44995.0
2019 Suzuki Vitara JLX 1.6 litre 6 spd NZ New,Suzuki,Vitara,2019,53500,25980.0
2019 Ford Ranger Raptor 4WD 2.0 Bi Turbo 10 spd,Ford,Ranger,2019,36433,80980.0
2020 Ford Ranger PX3 Wildtrak X 3.2TD 4x4 DC,Ford,Ranger,2020,9260,71980.0
2020 Ford Everest Titanium 2.0 Bi Turbo 10 spd,Ford,Everest,2020,15230,72980.0
2011 Nissan Skyline 250GT TYPE V Facelift,Nissan,Skyline,2011,119000,13750.0
2013 Toyota Aqua,Toyota,Aqua,2013,132243,8900.0
2006 MINI Cooper S,MINI,Cooper,2006,80915,6900.0
2008 Volkswagen Golf R32,Volkswagen,Golf,2008,125000,16999.0
2018 Toyota Camry GL 2.5P 6AT,Toyota,Camry,2018,43673,25490.0
2012 Subaru Legacy 2.5i AWD Facelift *i-Sight*,Subaru,Legacy,2012,73000,13750.0
2013 Mazda CX-5 20S/FULL LEATHER SEATS,Mazda,CX-5,2013,79700,22474.0
2019 Toyota Land Cruiser Landcruiser VX 4.5D/4W...,Toyota,Land Cruiser,2019,51000,134990.0
2014 Audi A3 Sportsback 1.4TFSI,Audi,A3,2014,84432,17995.0
2007 Mitsubishi Outlander G 4WD 7seater,Mitsubishi,Outlander,2007,143732,10995.0
2020 BMW M340i M-Sport Xdrive 285kW,BMW,M340i,2020,17500,95990.0
2017 Nissan Qashqai TI 2.0L,Nissan,Qashqai,2017,21155,29990.0
2020 Hyundai Kona 1.6T AWD Elite NZ New,Hyundai,Kona,2020,9965,35990.0
"2015 Kia Sorento PREMIUM, LEATHER SEATS, SUNROOF",Kia,Sorento,2015,48300,30499.0
2017 Nissan Leaf 24G 78% SOH Cruise / Alloys /...,Nissan,Leaf,2017,51269,19880.0
2016 Nissan Leaf 30G 82% SOH Alloys / Cruise /...,Nissan,Leaf,2016,54934,27380.0
2017 Nissan Leaf 30X Aero Cruise / Bodykit & Al...,Nissan,Leaf,2017,71614,25280.0
2015 Nissan Leaf 24S Full English Apple Carplay...,Nissan,Leaf,2015,53145,16880.0
2017 Nissan Leaf 30X Aero BOSE Audio / 360 View...,Nissan,Leaf,2017,54140,25880.0
2017 Nissan Leaf 30X 86% SOH Cruise / Alloys /...,Nissan,Leaf,2017,58944,27880.0
2017 Nissan Leaf 30X 88% SOH 12 Bar / Cruise /...,Nissan,Leaf,2017,42515,28880.0
2020 Nissan Leaf 40G 92% SOH Pro Pilot / Pro Pa...,Nissan,Leaf,2020,22070,44880.0
2011 Toyota Vanguard 4x4 / Rav4 3500cc / Black...,Toyota,Vanguard,2011,117642,16880.0
2010 Mazda Premacy,Mazda,Premacy,2010,74250,7474.0
2009 Mercedes-Benz E350 3.5L Sport,Mercedes-Benz,Other,2009,101500,17995.0
2016 BMW X3 28I,BMW,X3,2016,57444,44000.0
2020 Land Rover Range Rover Velar NZ NEW R-Dyna...,Land Rover,Range Rover Velar,2020,25800,119995.0
2011 Mazda Demio,Mazda,Demio,2011,73317,7974.0
2018 Audi SQ5 Quattro TFSI,Audi,SQ5,2018,60000,86995.0
2022 Mitsubishi Outlander PHEV LS,Mitsubishi,Outlander,2022,0,60990.0
2017 Mitsubishi Triton GLXR 4WD Automatic,Mitsubishi,Triton,2017,132334,35990.0
2016 BMW 320d Motorsport - No Deposit Finance TAP,BMW,320d,2016,98213,27990.0
2021 Great Wall Cannon Luxury 4x2,Great Wall,Cannon,2021,5177,46990.0
2018 Ford Ranger FX4 DBL CAB W/SA 2WD,Ford,Ranger,2018,83772,45990.0
2010 Lexus IS 250 VERSION L/FULL LEATHER SEATS,Lexus,IS 250,2010,97000,12974.0
2007 Audi RS4 Avant,Audi,RS4,2007,136000,50000.0
"2015 Toyota Prius HYBRID, R/CAMERA",Toyota,Prius,2015,137992,14850.0
2013 Nissan Leaf 24G/NZ CHARGER INCLUDED/8 BARS,Nissan,Leaf,2013,57500,14974.0
2017 Subaru Impreza 2.0i SLT Hatch,Subaru,Impreza,2017,62281,24490.0
2014 BMW 320d *M sports*Joystick*I-Drive**,BMW,320d,2014,117000,20490.0
"2015 Toyota Pruis S, HYBRID",Toyota,Other,2015,86492,16950.0
2011 Mazda BT-50 GSX,Mazda,BT-50,2011,197000,26990.0
2018 Toyota Hilux SR5 TD DC 2.8D 4WD 6AT,Toyota,Hilux,2018,69081,53990.0
2016 Jaguar XE **Lane Assist*Paddle shift*Auto-...,Jaguar,XE,2016,117000,26990.0
1998 Ford Fairlane GHIA V8,Ford,Fairlane,1998,120418,14990.0
2020 Ford Escape ST-LINE X ECOBOOST,Ford,Escape,2020,13966,50990.0
2015 Ford Transit SWB LOW ROOF MAN - No Deposit...,Ford,Transit,2015,171515,28990.0
2018 Ford Mondeo TITANUIM,Ford,Mondeo,2018,35360,31990.0
"2015 Toyota Prius S, HYBRID, Touring, Towbar",Toyota,Prius,2015,145896,15550.0
"2012 Nissan X-Trail 20XT, 4WD, Hyperlink Roof R...",Nissan,X-Trail,2012,110845,13540.0
2011 Mitsubishi Outlander 24G 4WD-Sunroof**Crui...,Mitsubishi,Outlander,2011,108990,16440.0
2014 Toyota Yaris Gx,Toyota,Yaris,2014,171000,8500.0
2016 Toyota Aqua 1.5L Facelift Hybrid,Toyota,Aqua,2016,82500,12995.0
2016 Jeep Wrangler 3.6P SPORT UNLIMITED 4WD AUTO,Jeep,Wrangler,2016,57000,54990.0
2014 Isuzu D-Max 3.0L 4X4 LS Double Cab Auto,Isuzu,D-Max,2014,88300,39850.0
2019 Skoda Kodiaq Style TSI 132kW - AWD,Skoda,Kodiaq,2019,73000,46990.0
2013 Lexus GS 350 Limited Package,Lexus,GS 350,2013,82611,22990.0
2020 Suzuki Swift Rs 1.0Pt/6At,Suzuki,Swift,2020,22500,21990.0
2015 Mazda 2 GLX 1.5L,Mazda,2,2015,61450,16990.0
2016 Toyota Aqua 1.5S Facelift Model,Toyota,Aqua,2016,57300,15500.0
2010 Nissan Qashqai Ti MODEL NZ NEW ONLY TWO OW...,Nissan,Qashqai,2010,155151,10950.0
2019 Toyota Hiace 2.8L Diesel Turbo GL Package...,Toyota,Hiace,2019,72702,42990.0
2012 Mazda Axela SPORT 1500CC LOW 94KM SALE!,Mazda,Axela,2012,94000,11790.0
2009 BMW X5 30D Sportpac,BMW,X5,2009,171300,21990.0
2010 Mitsubishi Outlander 4WD 7 SEATER LOW 76KM...,Mitsubishi,Outlander,2010,76500,14390.0
2010 Land Rover Range Rover Vogue 4.4 TDV8,Land Rover,Range Rover,2010,102500,49990.0
2014 Nissan X-Trail 20X *Push Start* Reversing...,Nissan,X-Trail,2014,90000,18990.0
2018 Suzuki Swift 1.2XG Super Low Mileage,Suzuki,Swift,2018,17600,15800.0
2006 Toyota Wish,Toyota,Wish,2006,103404,5490.0
2013 Ford Mondeo WAG 2.0TD AUTO,Ford,Mondeo,2013,192095,6290.0
2018 Mazda CX-9 2.5 Limited 4WD 6AT,Mazda,CX-9,2018,120717,41880.0
2017 Mercedes-Benz A 250 Sport 2.0P 4M 7AT 160Kw,Mercedes-Benz,A 250,2017,27000,39880.0
2017 Toyota C-HR HYBRID/G SPEC/LED PACKAGE,Toyota,C-HR,2017,50000,32974.0
2013 BMW X3 X DRIVE 20D/M SPORT/4WD/SUPER LOW KMS,BMW,X3,2013,47000,29974.0
2011 BMW 335i Motorsport,BMW,335i,2011,134000,18900.0
2011 Volkswagen Touareg V6 3.6,Volkswagen,Touareg,2011,99700,5000.0
2012 Toyota Aqua Hybrid,Toyota,Aqua,2012,120422,8574.0
2015 Nissan Cube,Nissan,Cube,2015,99200,9400.0
2011 Honda Accord Euro S,Honda,Accord,2011,99000,8500.0
2015 Toyota 86 2.0 6-Speed Manual,Toyota,86,2015,100059,29995.0
2015 Toyota Corolla Gx,Toyota,Corolla,2015,79059,15990.0
2015 Mazda Axela SPORT LOW 78KM SKYACTIVE!,Mazda,Axela,2015,78500,17850.0
2020 Mitsubishi Triton Dc Glxr 4Wd 6M,Mitsubishi,Triton,2020,37748,49000.0
2018 Suzuki Swift NEW SHAPE LOW 78KM SALE!,Suzuki,Swift,2018,78500,14950.0
2018 Bentley Continental GT,Bentley,Continental,2018,35500,289995.0
2014 Mazda Axela SPORT SKYACTIVE LOW 86KM SALE!,Mazda,Axela,2014,86000,17450.0
2016 Mazda Demio SKYACTIVE SUPER LOW 11KM!!!,Mazda,Demio,2016,11000,15450.0
2021 Toyota Hilux SR5 CRUISER 2.8DT 6AT 4WD DCW...,Toyota,Hilux,2021,16000,74995.0
2021 Toyota Hilux SR5 2.8DT 6AT 4WD DCW/4D/5S (...,Toyota,Hilux,2021,15583,69995.0
2018 Nissan NV350 Caravan,Nissan,NV350,2018,55000,28000.0
2018 Hyundai Santa Fe Dm Elite,Hyundai,Santa Fe,2018,97143,38500.0
"2016 Mercedes-Benz C 180 Super Low ks, as new",Mercedes-Benz,C 180,2016,15337,34990.0
2018 Volvo V90 Cross Country 4WD D4,Volvo,V90,2018,76200,53950.0
2018 Land Rover Discovery Sport HSE R-Dynamic,Land Rover,Discovery Sport,2018,18500,62950.0
2015 Mercedes-Benz GLA 45 AMG 4Matic,Mercedes-Benz,GLA 45,2015,68830,41990.0
"2020 Alfa Romeo Giulietta TCT NZ New, S Hatch",Alfa Romeo,Giulietta,2020,13200,36950.0
"2012 Mercedes-Benz ML 63 AMG Performance, BiTurbo",Mercedes-Benz,ML 63,2012,54200,54990.0
2017 Ford Ranger WILDTRAK....DARE TO BE DIFFER...,Ford,Ranger,2017,39755,61995.0
2007 Mazda Axela MPS Turbo 6 Speed Manual / 230...,Mazda,Axela,2007,102914,18880.0
2011 Subaru Legacy Wagon 4WD EyeSight / Cruise...,Subaru,Legacy,2011,99518,11880.0
2009 Volkswagen Golf TSI Highline,Volkswagen,Golf,2009,87780,10950.0
2011 Nissan X-Trail 20Xt 4WD,Nissan,X-Trail,2011,137588,12490.0
2012 Audi A4 Allroad 2.0 TFSI Quattro,Audi,A4,2012,96549,21990.0
2012 Toyota Corolla 1.8P GLX SEDAN 4 4A,Toyota,Corolla,2012,179173,8950.0
2010 Mazda Axela,Mazda,Axela,2010,235859,6950.0
2018 Ford Focus Titanium,Ford,Focus,2018,84500,24000.0
2011 Hyundai Elantra Elite,Hyundai,Elantra,2011,131500,10500.0
2017 Ford Ranger XLT DOUBLE CAB W/SA,Ford,Ranger,2017,74147,53990.0
2014 Audi A1 Spback Tfsi Sport,Audi,A1,2014,131000,14000.0
2010 Toyota Vanguard 240S G PACKAGE,Toyota,Vanguard,2010,123351,16500.0
2018 SsangYong Korando SPORTS AUTO 2WD 2.0P,Ssangyong,Korando,2018,33006,16990.0
2010 Volkswagen Golf VARIANT,Volkswagen,Golf,2010,113910,7490.0
2008 Toyota Hiace,Toyota,Hiace,2008,179096,17990.0
2007 Nissan Dualis,Nissan,Dualis,2007,166781,5990.0
2012 Subaru Forester 2.0X,Subaru,Forester,2012,103502,11990.0
2004 Audi A3 2.0,Audi,A3,2004,185439,3990.0
2007 Toyota Blade G,Toyota,Blade,2007,106508,7595.0
2009 BMW 120i,BMW,120i,2009,93473,6990.0
2013 Subaru Forester 4WD 2.0I-L,Subaru,Forester,2013,114883,17350.0
2017 Audi S4 Avant 3.0 Tfsi Q,Audi,S4,2017,35000,73990.0
2012 Mercedes-Benz ML 350 Model W166,Mercedes-Benz,ML 350,2012,144000,27500.0
2018 Mitsubishi Lancer Ls,Mitsubishi,Lancer,2018,64000,2000.0
2008 Mazda Atenza,Mazda,Atenza,2008,111000,7500.0
1956 Austin Sheerline,Austin,Sheerline,1956,151603,18000.0
2010 Mazda Axela 20S SPORT FACELIFT VERY LOW KM BA,Mazda,Axela,2010,112100,11495.0
2021 Ford Everest TITANIUM,Ford,Everest,2021,36885,69990.0
2022 Volkswagen Tiguan R 4MOTION 235kW,Volkswagen,Tiguan,2022,100,85990.0
2018 Toyota Hiace 2.0P/5Dr/6Seats,Toyota,Hiace,2018,31210,38888.0
1993 Toyota Land Cruiser Landcruiser 4Wd Ex,Toyota,Land Cruiser,1993,267813,25000.0
2012 Mazda Axela 20S SPORT SEDAN VERY LOW KM SKY-A,Mazda,Axela,2012,97100,10995.0
2013 Mazda Axela 1.5 S SPORT HATCHBACK BODY-KIT AL,Mazda,Axela,2013,90800,12995.0
2013 Mazda Axela 20S SPORT SKY-ACTIVE VERY LOW KM,Mazda,Axela,2013,108000,12995.0
2015 Mazda Axela SKYACTIVE REVERSING CAMERA BLACK,Mazda,Axela,2015,121483,14495.0
2009 Mazda Axela 20S SPORT RED IN BLACK BODY-KIT A,Mazda,Axela,2009,106800,10995.0
2010 Mazda Axela 20S SPORT HATCH LOW KMS ALLOYS PR,Mazda,Axela,2010,101917,10995.0
2011 Ford Falcon Fg Xr6,Ford,Falcon,2011,68152,18000.0
2022 Hyundai i20 N 1.6T 6MT,Hyundai,i20,2022,0,53990.0
2021 BMW Z4 20i M-sport,BMW,Z4,2021,5900,84990.0
2017 Ford Ranger Xlt Double Cab W/Sa,Ford,Ranger,2017,138000,39000.0
2016 Nissan X-Trail St 2.5P,Nissan,X-Trail,2016,56000,24995.0
2016 Toyota Aqua Hybrid,Toyota,Aqua,2016,86990,13995.0
2022 Peugeot 208 GT 1.2L Turbo,Peugeot,208,2022,65,41430.0
2018 Ford Ranger Wildtrak,Ford,Ranger,2018,91000,50000.0
2019 Subaru WRX Sti,Subaru,WRX,2019,7040,69990.0
2019 Toyota Corolla Sx 2.0P/10Cvt,Toyota,Corolla,2019,24059,27990.0
2013 Ford Falcon Fg2 Xr6,Ford,Falcon,2013,159693,17000.0
2004 Toyota Land Cruiser Prado T Vx W5,Toyota,Land Cruiser Prado,2004,352959,24000.0
1996 Suzuki Escudo,Suzuki,Escudo,1996,102381,6000.0
2009 Mazda Atenza,Mazda,Atenza,2009,150000,9500.0
2018 Toyota 86 Gt86,Toyota,86,2018,41300,36000.0
2015 Kia Carnival Ltd,Kia,Carnival,2015,158502,31000.0
"2013 BMW X3 20D M-sports, low ks, nice n tidy",BMW,X3,2013,62080,27890.0
2015 Toyota Corolla Axio Hybrid Black leather C...,Toyota,Corolla,2015,36437,15490.0
"2012 Lexus HS250H Hybrid, super tidy, luxry sedan",Lexus,HS250H,2012,66716,17490.0
"2015 Subaru XV Hybrid, fullleather,Eyesight, lo...",Subaru,XV,2015,37840,26990.0
"2016 Honda Fit Hybrid, Camchain, nice n tidy",Honda,Fit,2016,88016,13490.0
2004 Mazda 6 Sport Limited,Mazda,6,2004,182000,6800.0
2001 Alfa Romeo GTV 3.0 V6,Alfa Romeo,GTV,2001,109700,10000.0
2014 Hyundai Santa Fe Dm,Hyundai,Santa Fe,2014,197066,17500.0
1995 Ford F150 Xlt Flareside,Ford,F150,1995,115000,40000.0
2011 Audi Q7 4.2 Tdi SLine V8,Audi,Q7,2011,142000,38000.0
2013 Toyota Hilux Sr5 Td Dc,Toyota,Hilux,2013,139541,30000.0
1977 Fiat 850 850T Amigo,Fiat,850,1977,50000,1.0
1998 Suzuki X90 Jlx,Suzuki,X90,1998,225000,4500.0
2013 Volkswagen Jetta DSG 7 speed automatic,Volkswagen,Jetta,2013,105000,8990.0
2014 Mercedes-Benz GLA 45 AMG 2L Turbo First Ed...,Mercedes-Benz,GLA 45,2014,71500,42990.0
2018 Audi S4,Audi,S4,2018,70000,66990.0
2014 Volkswagen Golf Tsi Comfortline,Volkswagen,Golf,2014,56298,14999.0
2016 Mercedes-Benz GLS 350 d 350D Amg Line 4Matic,Mercedes-Benz,GLS 350 d,2016,56729,84900.0
2017 Mitsubishi Outlander LS 2.4L 4WD (NZ NEW),Mitsubishi,Outlander,2017,62647,28450.0
2010 Ford Falcon XR6,Ford,Falcon,2010,156014,17950.0
2009 Toyota Prius Hybrid,Toyota,Prius,2009,147607,8374.0
2010 Honda Insight Hybrid,Honda,Insight,2010,59801,8374.0
1997 Toyota Caldina GT-T,Toyota,Caldina,1997,286000,6500.0
2016 Nissan Note,Nissan,Note,2016,93629,9174.0
2016 Nissan Caravan NV350,Nissan,Caravan,2016,112669,25974.0
2006 Nissan Fuga,Nissan,Fuga,2006,66353,6974.0
2009 Suzuki Swift Sport Manual,Suzuki,Swift,2009,82483,9374.0
2012 Skoda Superb 1.8 Turbo Auto,Skoda,Superb,2012,114000,11850.0
2014 Mazda 3 Glx,Mazda,3,2014,80000,17900.0
2007 Toyota Hiace Regius Ace,Toyota,Hiace,2007,81642,18000.0
2013 BMW X5 Xdrive30d Sav,BMW,X5,2013,115000,47500.0
2015 Toyota Highlander Limited 3.5p/4wd/6at,Toyota,Highlander,2015,75000,41990.0
2008 Nissan Navara,Nissan,Navara,2008,220359,19000.0
2007 Nissan Serena,Nissan,Serena,2007,150000,6800.0
2011 Toyota Vanguard,Toyota,Vanguard,2011,111000,14500.0
2013 Audi A6 Hybrid,Audi,A6,2013,115400,23500.0
"2009 Toyota MARK- X Zio, 240-AERIAL, Push Start...",Toyota,Other,2009,92976,8995.0
2017 Jeep Wrangler Overland,Jeep,Wrangler,2017,91000,75000.0
2017 Honda CR-V Awd Touring 1.5pt,Honda,CR-V,2017,48006,34990.0
2019 Holden Commodore Vxr 3.6Pt/4Wd/9At,Holden,Commodore,2019,36000,44995.0
2012 BMW 523i M SPORT *Paddle Shift*,BMW,523i,2012,86900,18995.0
2008 Volkswagen Golf Gti,Volkswagen,Golf,2008,118000,9000.0
2018 Toyota Highlander Gxl,Toyota,Highlander,2018,69080,45000.0
2010 Mitsubishi Pajero LONG S EXCEED 4WD**Cruis...,Mitsubishi,Pajero,2010,103410,26890.0
2013 Mazda CX-5 20S * I-stop+Skyactiv* Key-Less...,Mazda,CX-5,2013,57531,23990.0
2012 Land Rover Range Rover Sport SDV6 HSE,Land Rover,Range Rover Sport,2012,83500,49990.0
"2016 Toyota Corolla FIELDER, HYBRID",Toyota,Corolla,2016,112567,15250.0
2019 Toyota Raize 1.0PT G Spec,Toyota,Other,2019,12689,31888.0
2020 LDV T60 4WD Elite,LDV,T60,2020,41000,35000.0
2020 Jeep Gladiator Overland,Jeep,Gladiator,2020,18500,79990.0
"2016 Toyota Corolla FIELDER, HYBRID",Toyota,Corolla,2016,90433,15850.0
2007 Mercedes-Benz CLS 63 AMG,Mercedes-Benz,CLS 63,2007,98200,29990.0
2022 Ford Transit Custom Sport Dciv 5 seater D/C,Ford,Transit,2022,350,68990.0
2015 Toyota Hiace Regius,Toyota,Hiace,2015,145000,1.0
2016 Mercedes-Benz C220D AMG Spec Diesel Sedan,Mercedes-Benz,Other,2016,53575,36999.0
2020 Mitsubishi Triton DC VRX 4WD 6AT 2.4D,Mitsubishi,Triton,2020,37279,48990.0
2011 Toyota Vanguard 240S S Package *Facelift*,Toyota,Vanguard,2011,91000,17925.0
2008 Mitsubishi Pajero LONG EXCEED 4WD *Diesel...,Mitsubishi,Pajero,2008,128000,31850.0
2018 Subaru Impreza SPORT 1.6I-L *Eye Sight*,Subaru,Impreza,2018,69700,19440.0
2014 Nissan X-Trail 20X 4WD *Emergency Brake PKG*,Nissan,X-Trail,2014,112000,20950.0
2013 Subaru Forester 2.0i-L AWD *Eye-Sight*,Subaru,Forester,2013,107000,18775.0
2008 BMW 525i M Sport *Black Leather*,BMW,525i,2008,46000,12950.0
2010 Nissan X-Trail 4WD 20XTT *Hyper Roof Rails*,Nissan,X-Trail,2010,115000,13950.0
2008 Nissan Fuga 350GT Facelift *Black Leather*,Nissan,Fuga,2008,96000,10925.0
2013 Nissan Dualis 20G Facelift *Moonroof*,Nissan,Dualis,2013,77900,16925.0
2021 Volkswagen T-Cross Tsi R-line Dsg 2wd,Volkswagen,T-Cross,2021,5820,40990.0
2011 Nissan X-Trail 20X 4WD *SUNROOF*,Nissan,X-Trail,2011,120000,13950.0
2010 BMW X1 SDrive 18i Highline *LEATHER*,BMW,X1,2010,79000,14440.0
2012 BMW 528i TOURING Highline *Leather*,BMW,528i,2012,91000,16440.0
2012 BMW 320i Touring *i Drive*,BMW,320i,2012,84237,13950.0
2010 BMW 116i **53800 Kms/Alloys**,BMW,116i,2010,53800,10745.0
2015 Subaru Impreza G4 1.6i AWD **57000 Kms**,Subaru,Impreza,2015,57000,10950.0
2008 Mitsubishi Outlander Xls,Mitsubishi,Outlander,2008,165500,6000.0
2011 BMW 320i Touring *i-Drive*,BMW,320i,2011,69000,10950.0
2018 Nissan X-Trail ST 2.5 7 seater,Nissan,X-Trail,2018,48657,29990.0
2012 Lexus GS 450h F SPORT GS450H Hybrid*Cruise...,Lexus,GS 450h,2012,95795,28840.0
2005 Subaru Legacy LL Bean,Subaru,Legacy,2005,214500,3000.0
2014 Nissan X-Trail 4WD 20X,Nissan,X-Trail,2014,99208,22980.0
2006 Lexus IS 350 IS350,Lexus,IS 350,2006,117363,12989.0
2015 Mitsubishi Triton D/Cab Gls,Mitsubishi,Triton,2015,143232,34990.0
2011 Smart Fortwo Coupe,Smart,Fortwo,2011,82183,6500.0
2010 Volkswagen Golf Gti 2.0T,Volkswagen,Golf,2010,101000,14495.0
2014 Toyota Corolla Gx,Toyota,Corolla,2014,132000,6000.0
2016 Mercedes-Benz GLE 350 d 350D,Mercedes-Benz,GLE 350 d,2016,68510,63990.0
2001 Toyota Land Cruiser 70 series,Toyota,Land Cruiser,2001,260000,50000.0
2007 Holden Commodore Berlina V6 180kW,Holden,Commodore,2007,234600,6950.0
"2010 Toyota Vanguard 240S, S- Package* Cruise C...",Toyota,Vanguard,2010,107666,16990.0
2017 Nissan Navara St,Nissan,Navara,2017,41000,38000.0
"2009 Toyota Vanguard 240S, G-Package, 4WD* Crui...",Toyota,Vanguard,2009,108097,15540.0
2018 Mazda CX-5 LTD PTR 2.5P/4WD/6AT,Mazda,CX-5,2018,50116,41990.0
2018 Holden Trailblazer LTZ,Holden,Trailblazer,2018,55302,49995.0
2013 Toyota Hilux 4X4 Turbo Diesel,Toyota,Hilux,2013,108000,37500.0
2018 Toyota RAV4 GXL 4WD 2.5 AWD,Toyota,RAV4,2018,29750,37990.0
2012 Porsche Cayenne GTS 4.8 V8,Porsche,Cayenne,2012,118500,49990.0
2015 Audi Q3 2.0 TFSI Quattro S-Line,Audi,Q3,2015,83100,25990.0
2012 Nissan X-Trail 20X+4WD+New Tyres+ALLOYS **,Nissan,X-Trail,2012,131388,13451.0
2005 Volkswagen Golf 2.0 Fsi,Volkswagen,Golf,2005,278599,1200.0
1956 Ford Thunderbird,Ford,Thunderbird,1956,69745,85000.0
2011 MINI Cooper,MINI,Cooper,2011,114000,9995.0
2010 Audi A3 1.8T,Audi,A3,2010,103491,8900.0
2005 Toyota Mark-X 250G*Rev Camera*,Toyota,Mark-X,2005,149600,4950.0
2009 Nissan X-Trail 20XTT 4WD *Panoramic Roof*,Nissan,X-Trail,2009,137250,10950.0
2018 Ford Ranger Wildtrak,Ford,Ranger,2018,47011,55500.0
2007 Nissan Qashqai Dci,Nissan,Qashqai,2007,158000,6500.0
2013 Toyota Hilux Td Dc,Toyota,Hilux,2013,122072,39000.0
2012 BMW X5 X DRIVE 35I N55,BMW,X5,2012,45265,34975.0
2011 Nissan Murano 250XL Facelift *Cruise Control*,Nissan,Murano,2011,119580,12950.0
2021 MINI Cooper S Paddy Hopkirk Edition 3 DOOR,MINI,Cooper,2021,10800,54900.0
2008 Toyota Blade G,Toyota,Blade,2008,83900,10995.0
2018 Honda CR-V Awd Sport Sensing,Honda,CR-V,2018,42420,28000.0
2013 Honda CR-V 20G,Honda,CR-V,2013,55704,20995.0
2008 Chevrolet Silverado 2500HD 4 X 4 LTZ Z71,Chevrolet,Silverado,2008,3570,75000.0
2020 Suzuki Baleno,Suzuki,Baleno,2020,4794,17990.0
2022 Ford Ranger Wildtrak X 4WD,Ford,Ranger,2022,3850,76990.0
2017 Honda Fit 1.5L Hybrid Low km Chain driven,Honda,Fit,2017,67648,14990.0
2015 Toyota Corolla Axio Hybrid Low Km as New,Toyota,Corolla,2015,33207,14990.0
2017 Nissan X-Trail Hybrid 4WD Full spec 360 Ca...,Nissan,X-Trail,2017,30407,31990.0
2007 Honda Jazz I,Honda,Jazz,2007,154186,4500.0
2017 BMW 440i Gran Coupe,BMW,440i,2017,40000,64950.0
2018 Toyota Hilux 4WD SR 2.8DT DOUBLE CAB UTE/4...,Toyota,Hilux,2018,99995,50995.0
2022 Ford Ranger FX4 Max D/Cab 4WD,Ford,Ranger,2022,2000,69990.0
2018 Toyota Corolla GX 2.0P CVT FWD HB/5D/5S (M...,Toyota,Corolla,2018,19151,26995.0
2013 BMW X1 SDrive 20i *Twin Power Turbo*,BMW,X1,2013,60300,17985.0
2013 Subaru Forester 2.0i-L EyeSight AWD *New S...,Subaru,Forester,2013,100714,16925.0
2009 BMW 120i,BMW,120i,2009,73150,9000.0
2008 Mazda CX-7,Mazda,CX-7,2008,158250,8995.0
2002 Mercedes-Benz C 320,Mercedes-Benz,C 320,2002,205000,8000.0
2018 Land Rover Range Rover Velar P250 R-Dynamic S,Land Rover,Range Rover Velar,2018,30000,89000.0
2018 Hyundai Kona,Hyundai,Kona,2018,31261,20995.0
2008 Nissan Murano,Nissan,Murano,2008,227499,5990.0
2000 Suzuki Jimny XC,Suzuki,Jimny,2000,181993,9595.0
2007 Toyota Corolla 1.8P GX HATCH 5 6M,Toyota,Corolla,2007,252807,5290.0
2009 Mazda Axela LOW KMS !! 2.0S MODEL,Mazda,Axela,2009,48540,10750.0
2017 Maserati Levante,Maserati,Levante,2017,10030,89990.0
2012 Suzuki Splash LTD,Suzuki,Splash,2012,56921,10995.0
2018 Toyota Hilux 4WD SR5 2.8DT DOUBLE CAB UTE/...,Toyota,Hilux,2018,35365,58995.0
2006 Ford Mustang,Ford,Mustang,2006,53000,33450.0
2010 Ford Transit 115 T350l Rwd,Ford,Transit,2010,178390,12000.0
1978 Chrysler Valiant CL,Chrysler,Valiant,1978,315004,28000.0
"2013 Lexus RX 450h Version L, Full Leather Seat...",Lexus,RX 450h,2013,52089,39580.0
2022 Ram 1500 Express Warlock 5.7P 4WD 8A 4Dr Ute,Ram,1500,2022,15,123990.0
2019 Subaru Outback Premium,Subaru,Outback,2019,33000,35000.0
2020 Toyota Hilux SR PreRunner 2WD,Toyota,Hilux,2020,85300,39990.0
2008 Nissan Skyline Type SP,Nissan,Skyline,2008,188000,15500.0
2018 Toyota Highlander Gxl,Toyota,Highlander,2018,71010,43999.0
2006 Mitsubishi Pajero Exceed Lwb,Mitsubishi,Pajero,2006,240000,13500.0
2007 Toyota Land Cruiser Prado Vx,Toyota,Land Cruiser Prado,2007,318000,16000.0
2021 MINI Countryman JCW ALL4 225kw,MINI,Countryman,2021,6400,69995.0
2018 Alfa Romeo Giulia Veloce,Alfa Romeo,Giulia,2018,54000,53000.0
2017 Nissan Note E-POWER X,Nissan,Note,2017,58000,16990.0
2010 Mazda Axela 20 S Touring Comfort Package,Mazda,Axela,2010,68500,10500.0
2008 Mazda Axela MPS / 6 Speed Manual,Mazda,Axela,2008,103500,18500.0
2016 Mazda CX-5 GSX Petrol,Mazda,CX-5,2016,47050,27500.0
2009 Volkswagen Tiguan 2.0T 147Kw Sport&Style,Volkswagen,Tiguan,2009,156000,9000.0
"2008 Honda Odyssey Abslote, i vtec Camchain.",Honda,Odyssey,2008,84224,7490.0
2012 Mazda Axela /3 1.5L Eco Hatch with Low KM...,Mazda,Axela,2012,80861,11980.0
2012 Mazda Premacy 2.0L New Shape Low KM Black...,Mazda,Premacy,2012,54867,10490.0
2015 BMW 320d 2.0L Diesel Twin Turbo Reversing...,BMW,320d,2015,37003,26990.0
"2010 Nissan Skyline 250GT Keyless, Half Leather",Nissan,Skyline,2010,67059,11490.0
"2014 Volkswagen Golf 1.4 TSI High line, super l...",Volkswagen,Golf,2014,42042,17990.0
2013 Mitsubishi Outlander PHEV Clean car rebate...,Mitsubishi,Outlander,2013,67279,29990.0
2014 Mazda Atenza 2.2D High spec Nice and tidy...,Mazda,Atenza,2014,43284,20990.0
2016 Toyota Camry 2.5l Hybrid Facelift Super lo...,Toyota,Camry,2016,18632,27990.0
2010 Suzuki Swift,Suzuki,Swift,2010,98500,9450.0
2020 Land Rover Range Rover Sport V8 Sc Hse Dynami,Land Rover,Range Rover Sport,2020,29083,180000.0
2004 Honda Fit,Honda,Fit,2004,140000,3700.0
2006 Nissan X-Trail,Nissan,X-Trail,2006,151000,5500.0
2012 Holden Captiva Dsl,Holden,Captiva,2012,150265,7500.0
2011 Toyota Hilux Td Dc,Toyota,Hilux,2011,270000,12000.0
2010 Toyota RAV4 2.4 Limited 4WD NZ New,Toyota,RAV4,2010,150438,15880.0
2013 Audi A3 1.4 TFSI,Audi,A3,2013,81456,16990.0
2007 Mitsubishi Pajero Long Exceed X,Mitsubishi,Pajero,2007,135293,21980.0
2012 Holden Captiva Diesel 7 Seater All Wheel D...,Holden,Captiva,2012,155050,11850.0
2014 Isuzu D-Max 4x4 Flat Deck,Isuzu,D-Max,2014,86200,36850.0
2011 Volkswagen Polo,Volkswagen,Polo,2011,65873,8989.0
2022 Skoda Kodiaq RS 180kW 2.0P TSI 4x4,Skoda,Kodiaq,2022,50,78490.0
2016 Ford Ranger XL D/Cab 4WD,Ford,Ranger,2016,168742,41990.0
2011 Toyota Hiace Regius Ace,Toyota,Hiace,2011,181363,18000.0
2011 Volvo V60 DRIVE E / 1.6L Turbo,Volvo,V60,2011,90137,11950.0
2012 Mercedes-Benz C 180 C180 AVANTGARDE,Mercedes-Benz,C 180,2012,97083,16150.0
2017 Toyota Hilux SR TD DC 2.8D/6MT,Toyota,Hilux,2017,87270,36500.0
2015 Nissan X-Trail Hybrid Full Spec 4WD Cruise...,Nissan,X-Trail,2015,18614,29795.0
2014 Audi A3,Audi,A3,2014,77956,21000.0
2013 Citroen C5,Citroen,C5,2013,115000,8500.0
2016 Audi A3 1.4TFSI,Audi,A3,2016,49970,20950.0
2015 Mercedes-Benz CLA 180 AMG Package,Mercedes-Benz,CLA 180,2015,60160,31950.0
1992 Toyota Hilux,Toyota,Hilux,1992,160850,1.0
2018 Ram 1500 Laramie Petrol 5.7,Ram,1500,2018,55950,104990.0
2017 Toyota C-HR Hybrid G1.8 CVT SUV 5Dr FWD (Z...,Toyota,C-HR,2017,62750,34995.0
2016 Nissan NV200 VANETTE VAN DX,Nissan,NV200,2016,89964,23989.0
2011 Nissan Murano 250XL,Nissan,Murano,2011,72663,14989.0
2015 MINI Cooper John Cooper Works,MINI,Cooper,2015,77655,38950.0
2018 Mazda CX-5 - ELLERSLIE 25T MPS Turbo Leather!,Mazda,CX-5,2018,1214,44970.0
2022 Volkswagen Golf GTI Mk8 GTI DSG 180kW,Volkswagen,Golf,2022,100,64990.0
2015 Volkswagen Golf TSi Comfortline DSG,Volkswagen,Golf,2015,118800,15990.0
2016 Subaru Outback Premium 2.5 litre AWD NZ New,Subaru,Outback,2016,56720,34680.0
2012 Toyota Vanguard S-Package Euro-Standard RA...,Toyota,Vanguard,2012,46333,20995.0
2021 Toyota RAV4 Gx 2.0P/Cvt,Toyota,RAV4,2021,11200,37990.0
2020 Toyota Highlander GXL 3.5L 7 SEATER AUTO 5...,Toyota,Highlander,2020,26940,59800.0
2011 Nissan Serena / NV200 Van 5 Door / Cruise...,Nissan,Serena,2011,92803,14880.0
2015 Mitsubishi Outlander VRX 2.3D/4WD/6AT/SW -...,Mitsubishi,Outlander,2015,172843,18990.0
2012 BMW 320d Touring Blue Performance M Spo -...,BMW,320d,2012,115968,21990.0
2008 Audi A3 1.8T S-Line - Full Leather,Audi,A3,2008,157400,7350.0
1965 Ford Cortina MK1,Ford,Cortina,1965,123456,10000.0
2021 Suzuki Ignis Ltd,Suzuki,Ignis,2021,5926,19500.0
2012 MINI Countryman Crossover/ Cooper S/Superchar,MINI,Countryman,2012,80250,17500.0
2013 Smart Fourtwo EV 100% Electric Smart Car G...,Smart,Other,2013,15510,17990.0
2017 Nissan Leaf 30X 92% SOH 12 Bar / Rare Colo...,Nissan,Leaf,2017,65032,29880.0
2015 Nissan Leaf 24X Gen 2 Cruise / Rev Cam / B...,Nissan,Leaf,2015,45757,18880.0
2017 Nissan Leaf 30X Autech 90% SOH 12 Bar / Cr...,Nissan,Leaf,2017,43750,29880.0
2013 Nissan Leaf 24S Full English Side Airbags...,Nissan,Leaf,2013,63412,14880.0
2022 Mazda 2 SP15 Blackout 1.5 6AT P,Mazda,2,2022,0,27590.0
2022 Mazda BT-50 F 2WD GSX D/CAB W/S 6AT,Mazda,BT-50,2022,0,48290.0
2015 Lexus RC F V8 5L,Lexus,RC F,2015,66100,67990.0
2019 BMW 118i M-Sport 5dr Hatch,BMW,118i,2019,21200,41990.0
2015 BMW X5 Xdrive30d M Sport,BMW,X5,2015,94000,59990.0
2018 Volkswagen Tiguan Allspace 2.0L 4WD 7 SEAT...,Volkswagen,Tiguan,2018,49640,42950.0
2018 Holden Captiva LTZ 7 3.0L 4WD 7 SEATER AUT...,Holden,Captiva,2018,67640,29950.0
2016 Mitsubishi Triton GLXR 2WD MANUAL,Mitsubishi,Triton,2016,82687,27990.0
2018 Mitsubishi ASX Xls,Mitsubishi,ASX,2018,30100,21990.0
2021 Toyota RAV4 Limited,Toyota,RAV4,2021,7500,66500.0
2012 Toyota Prius C S-Tech,Toyota,Prius,2012,125000,10500.0
2017 Subaru Outback Premium 2.5i All Wheel Driv...,Subaru,Outback,2017,76208,35990.0
2016 Nissan Note E-Power,Nissan,Note,2016,79590,16374.0
2011 Volkswagen Polo 1.2 High Line - Genuine Lo...,Volkswagen,Polo,2011,37000,11990.0
2008 Mercedes-Benz B 200,Mercedes-Benz,B 200,2008,45182,7700.0
2013 Honda Fit Jazz Hybrid,Honda,Fit,2013,108343,9374.0
2005 Nissan Tiida LATIO,Nissan,Tiida,2005,40664,7850.0
2006 Audi A3 1.6,Audi,A3,2006,150929,4250.0
2009 Toyota Vellfire 2.4Z PLATINUM SELECT,Toyota,Vellfire,2009,111137,15980.0
2018 Lexus RX 350L Limited,Lexus,RX 350L,2018,48000,62500.0
2014 Subaru Impreza SPORTS 2.0i-S LTD I-SIGHT *...,Subaru,Impreza,2014,138386,10950.0
2007 Holden HSV Clubsport VE 307,Holden,HSV Clubsport,2007,183698,50990.0
2003 Nissan Vanette,Nissan,Vanette,2003,255000,4000.0
2016 Mazda CX-5 20S PRO ACTIVE/LOW KMS,Mazda,CX-5,2016,51000,27974.0
2010 Volkswagen Golf Gti 2.0T,Volkswagen,Golf,2010,163182,10000.0
2010 BMW X1 Xdrive 25I,BMW,X1,2010,55970,14850.0
2010 Mazda Atenza,Mazda,Atenza,2010,222072,8490.0
2007 Mercedes-Benz C 200 Kompressor,Mercedes-Benz,C 200,2007,101756,8995.0
2011 Toyota Vanguard LOW Kms...7 seat....inc. o...,Toyota,Vanguard,2011,43420,17990.0
2020 Toyota Land Cruiser Vx Limited,Toyota,Land Cruiser,2020,33000,150000.0
2017 Kia Rio Ltd 1.4P/4At,Kia,Rio,2017,9500,21995.0
2016 Mercedes-Benz A 250 Sport 4matic 2.0p,Mercedes-Benz,A 250,2016,35500,39990.0
2012 Mazda Demio 13 SKYACTIV STYLISH PKG *NZ Ne...,Mazda,Demio,2012,57647,9450.0
2014 Nissan Juke 16GT TYPE V *Low Km's*,Nissan,Juke,2014,63208,17450.0
2018 Nissan X-Trail 20X EMERGENCY BRAKE PKG 4WD,Nissan,X-Trail,2018,52555,31450.0
2017 Hyundai iMax 8 seater CRDI diesel,Hyundai,iMax,2017,109100,27995.0
2012 Holden HSV Maloo,Holden,Other,2012,109626,94990.0
2019 Toyota C-HR Hybird G-package ACC LKA Certi...,Toyota,C-HR,2019,3681,39950.0
2014 Honda Vezel Hybrid Z-Package Certified Mil...,Honda,Vezel,2014,44263,24990.0
2015 Toyota Aqua G's-Package Certified Mileage,Toyota,Aqua,2015,70896,15990.0
2020 Toyota RAV4 Hybrid G 4WD,Toyota,RAV4,2020,8056,54950.0
2006 Honda CR-V Sport,Honda,CR-V,2006,191250,7990.0
"2016 Toyota Aqua S MODEL, HYBRID, ALLOYS, Grade...",Toyota,Aqua,2016,128237,11650.0
2017 Nissan NV350 Caravan,Nissan,NV350,2017,59836,65000.0
"2014 Toyota Corolla Axio Hybrid, Camchain, ncie...",Toyota,Corolla,2014,116305,10990.0
"2015 Subaru XV Hybrid, fullleather,Eyesight, lo...",Subaru,XV,2015,59141,25990.0
2014 Toyota Corolla Axio Hybrid Black leather C...,Toyota,Corolla,2014,78128,13490.0
2013 Volkswagen Golf GTI MK7 Top of the line,Volkswagen,Golf,2013,21733,28990.0
2000 Toyota RAV4,Toyota,RAV4,2000,218578,4490.0
2007 Toyota Wish,Toyota,Wish,2007,125847,5990.0
2010 Volkswagen Tiguan,Volkswagen,Tiguan,2010,45293,14595.0
2005 Honda Stream,Honda,Stream,2005,108364,3990.0
"2010 Mazda Axela 20S SPORT RED WINE 17"" ALLOYS BES",Mazda,Axela,2010,130029,9999.0
2013 Jeep Grand Cherokee Laredo,Jeep,Grand Cherokee,2013,121665,25000.0
2013 Audi A1 TFSI,Audi,A1,2013,45951,14000.0
2018 Hyundai Santa Fe Dm,Hyundai,Santa Fe,2018,71000,36000.0
2018 Mazda CX-9 Ltd,Mazda,CX-9,2018,100000,40999.0
2019 Audi Q7 3.0 Tdi /Quattro/160Kw,Audi,Q7,2019,19906,92974.0
1996 Toyota Surf SSR-G,Toyota,Surf,1996,325000,8500.0
2014 Mazda Axela 3 Latest Model,Mazda,Axela,2014,79211,16174.0
2007 Audi A4 2.0T Fsi Quattro,Audi,A4,2007,158000,7000.0
2006 Honda Step Wagon STEP WAGON,Honda,Step Wagon,2006,162000,7000.0
2009 Mazda Axela,Mazda,Axela,2009,165700,8000.0
"2020 Toyota Yaris Cross, Limited Hybrid",Toyota,Yaris,2020,13400,46950.0
2014 Mazda Demio 1.3L SkyActiv i~Stop,Mazda,Demio,2014,81160,11800.0
2019 Volkswagen Tiguan Allspace Tsi Rl 4M,Volkswagen,Tiguan,2019,59000,56500.0
2020 Mazda BT-50 Gsx F/C C/C,Mazda,BT-50,2020,26000,40000.0
1997 Honda Prelude Vti-R Cpe,Honda,Prelude,1997,126700,3000.0
2007 Mazda Premacy,Mazda,Premacy,2007,160009,1.0
2018 SsangYong Tivoli LTD AUTO 1.6P/6AT/SW,Ssangyong,Tivoli,2018,21742,20950.0
2011 Ford Ranger Xtra Cab Flatdeck 4WD,Ford,Ranger,2011,206144,21950.0
2011 Ford Mondeo Td,Ford,Mondeo,2011,195224,7250.0
1993 MINI Cooper,MINI,Cooper,1993,107000,25000.0
2018 Toyota Hilux Sr5 Td Dc,Toyota,Hilux,2018,91000,47000.0
2010 Kia Rio Lx,Kia,Rio,2010,144263,5599.0
2014 Volkswagen Golf GolfR,Volkswagen,Golf,2014,91921,32000.0
2021 Toyota Alphard S C Package 2.5P 5 Dr Wagon...,Toyota,Alphard,2021,21,79990.0
2001 Ford Laser Lxi,Ford,Laser,2001,156000,3500.0
2013 Peugeot 508,Peugeot,508,2013,92000,9850.0
2019 Hyundai Santa Fe TM Limited 2.2D/4Wd,Hyundai,Santa Fe,2019,33226,63990.0
2016 Mitsubishi Outlander LS 2.4 4WD,Mitsubishi,Outlander,2016,141800,20990.0
